insert into organizations (id, name, short_name, code, type, status, country, province, address, contact_email, contact_phone)
values
  ('10000000-0000-0000-0000-000000000101', 'Sakura Karate Do Hà Nội', 'Sakura Hà Nội', 'SAKURA_HN', 'CLUB', 'ACTIVE', 'Việt Nam', 'Hà Nội', 'Nhà văn hóa quận Cầu Giấy, Hà Nội', 'sakura.hanoi@example.test', '0901 245 889'),
  ('10000000-0000-0000-0000-000000000102', 'Rồng Việt Dojo', 'Rồng Việt', 'RONG_VIET', 'CLUB', 'ACTIVE', 'Việt Nam', 'Đà Nẵng', 'Số 18 Nguyễn Văn Linh, Đà Nẵng', 'rongviet@example.test', '0918 770 241'),
  ('10000000-0000-0000-0000-000000000103', 'Sen Trắng Karate Club', 'Sen Trắng', 'SEN_TRANG', 'CLUB', 'ACTIVE', 'Việt Nam', 'TP. Hồ Chí Minh', 'Số 42 Pasteur, Quận 1, TP. Hồ Chí Minh', 'sentrang@example.test', '0933 518 208')
on conflict (code) do nothing;

insert into persons (id, display_name, first_name, last_name, birth_date, gender, email, phone)
values
  ('10000000-0000-0000-0000-000000000201', 'Nguyễn Minh Khang', 'Khang', 'Nguyễn Minh', '2011-04-12', 'MALE', 'khang.nguyen@example.test', '0902 118 245'),
  ('10000000-0000-0000-0000-000000000202', 'Trần Gia Hân', 'Hân', 'Trần Gia', '2012-09-03', 'FEMALE', 'han.tran@example.test', '0907 331 902'),
  ('10000000-0000-0000-0000-000000000203', 'Lê Nhật Nam', 'Nam', 'Lê Nhật', '2010-01-28', 'MALE', 'nam.le@example.test', '0912 843 771'),
  ('10000000-0000-0000-0000-000000000204', 'Phạm Bảo Ngọc', 'Ngọc', 'Phạm Bảo', '2013-06-17', 'FEMALE', 'ngoc.pham@example.test', '0926 410 382'),
  ('10000000-0000-0000-0000-000000000205', 'Đặng Hoàng Quân', 'Quân', 'Đặng Hoàng', '2009-11-20', 'MALE', 'quan.dang@example.test', '0988 260 447'),
  ('10000000-0000-0000-0000-000000000206', 'Vũ Khánh Linh', 'Linh', 'Vũ Khánh', '2011-08-08', 'FEMALE', 'linh.vu@example.test', '0974 125 630'),
  ('10000000-0000-0000-0000-000000000207', 'Huỳnh Anh Tú', 'Tú', 'Huỳnh Anh', '2014-02-14', 'MALE', 'tu.huynh@example.test', '0938 620 174'),
  ('10000000-0000-0000-0000-000000000208', 'Bùi Thanh Mai', 'Mai', 'Bùi Thanh', '2012-12-05', 'FEMALE', 'mai.bui@example.test', '0961 409 753'),
  ('10000000-0000-0000-0000-000000000209', 'Võ Đức Anh', 'Anh', 'Võ Đức', '2010-07-23', 'MALE', 'anh.vo@example.test', '0945 287 610'),
  ('10000000-0000-0000-0000-000000000210', 'Đỗ Hải Yến', 'Yến', 'Đỗ Hải', '2013-03-30', 'FEMALE', 'yen.do@example.test', '0916 538 449')
on conflict (id) do nothing;

insert into organization_members (id, organization_id, person_id, role_code, status, joined_at)
values
  ('10000000-0000-0000-0000-000000000301', '10000000-0000-0000-0000-000000000101', '10000000-0000-0000-0000-000000000201', 'ATHLETE', 'ACTIVE', '2025-01-12'),
  ('10000000-0000-0000-0000-000000000302', '10000000-0000-0000-0000-000000000101', '10000000-0000-0000-0000-000000000202', 'ATHLETE', 'ACTIVE', '2025-02-02'),
  ('10000000-0000-0000-0000-000000000303', '10000000-0000-0000-0000-000000000101', '10000000-0000-0000-0000-000000000203', 'COACH', 'ACTIVE', '2024-10-20'),
  ('10000000-0000-0000-0000-000000000304', '10000000-0000-0000-0000-000000000102', '10000000-0000-0000-0000-000000000204', 'ATHLETE', 'ACTIVE', '2025-03-09'),
  ('10000000-0000-0000-0000-000000000305', '10000000-0000-0000-0000-000000000102', '10000000-0000-0000-0000-000000000205', 'ATHLETE', 'ACTIVE', '2024-12-14'),
  ('10000000-0000-0000-0000-000000000306', '10000000-0000-0000-0000-000000000102', '10000000-0000-0000-0000-000000000206', 'MANAGER', 'ACTIVE', '2024-11-01'),
  ('10000000-0000-0000-0000-000000000307', '10000000-0000-0000-0000-000000000103', '10000000-0000-0000-0000-000000000207', 'ATHLETE', 'ACTIVE', '2025-04-15'),
  ('10000000-0000-0000-0000-000000000308', '10000000-0000-0000-0000-000000000103', '10000000-0000-0000-0000-000000000208', 'ATHLETE', 'INACTIVE', '2025-01-25'),
  ('10000000-0000-0000-0000-000000000309', '10000000-0000-0000-0000-000000000103', '10000000-0000-0000-0000-000000000209', 'ATHLETE', 'ACTIVE', '2025-02-18'),
  ('10000000-0000-0000-0000-000000000310', '10000000-0000-0000-0000-000000000103', '10000000-0000-0000-0000-000000000210', 'COACH', 'ACTIVE', '2024-09-09')
on conflict (id) do nothing;

insert into athletes (id, person_id, primary_organization_id, external_code, belt, weight_kg, height_cm, status)
values
  ('10000000-0000-0000-0000-000000000401', '10000000-0000-0000-0000-000000000201', '10000000-0000-0000-0000-000000000101', 'SKR-011', 'Nâu 1', 42.50, 150.00, 'ACTIVE'),
  ('10000000-0000-0000-0000-000000000402', '10000000-0000-0000-0000-000000000202', '10000000-0000-0000-0000-000000000101', 'SKR-014', 'Xanh', 39.80, 146.00, 'ACTIVE'),
  ('10000000-0000-0000-0000-000000000403', '10000000-0000-0000-0000-000000000204', '10000000-0000-0000-0000-000000000102', 'RV-021', 'Nâu 2', 44.20, 152.00, 'ACTIVE'),
  ('10000000-0000-0000-0000-000000000404', '10000000-0000-0000-0000-000000000205', '10000000-0000-0000-0000-000000000102', 'RV-033', 'Đen 1', 55.40, 164.00, 'ACTIVE'),
  ('10000000-0000-0000-0000-000000000405', '10000000-0000-0000-0000-000000000207', '10000000-0000-0000-0000-000000000103', 'ST-008', 'Xanh', 35.70, 141.00, 'ACTIVE'),
  ('10000000-0000-0000-0000-000000000406', '10000000-0000-0000-0000-000000000209', '10000000-0000-0000-0000-000000000103', 'ST-019', 'Nâu 1', 47.30, 158.00, 'ACTIVE')
on conflict (person_id) do nothing;

insert into club_roster (id, organization_id, athlete_id, status, joined_at)
values
  ('10000000-0000-0000-0000-000000000501', '10000000-0000-0000-0000-000000000101', '10000000-0000-0000-0000-000000000401', 'ACTIVE', '2025-01-12'),
  ('10000000-0000-0000-0000-000000000502', '10000000-0000-0000-0000-000000000101', '10000000-0000-0000-0000-000000000402', 'ACTIVE', '2025-02-02'),
  ('10000000-0000-0000-0000-000000000503', '10000000-0000-0000-0000-000000000102', '10000000-0000-0000-0000-000000000403', 'ACTIVE', '2025-03-09'),
  ('10000000-0000-0000-0000-000000000504', '10000000-0000-0000-0000-000000000102', '10000000-0000-0000-0000-000000000404', 'ACTIVE', '2024-12-14'),
  ('10000000-0000-0000-0000-000000000505', '10000000-0000-0000-0000-000000000103', '10000000-0000-0000-0000-000000000405', 'ACTIVE', '2025-04-15'),
  ('10000000-0000-0000-0000-000000000506', '10000000-0000-0000-0000-000000000103', '10000000-0000-0000-0000-000000000406', 'ACTIVE', '2025-02-18')
on conflict (id) do nothing;

insert into attendance_sessions (id, organization_id, name, session_type, status, scheduled_at, notes)
values
  ('10000000-0000-0000-0000-000000000601', '10000000-0000-0000-0000-000000000101', 'Buổi tập kumite tối thứ ba', 'TRAINING', 'OPEN', now() - interval '2 days', 'Tập trung di chuyển và phản đòn.'),
  ('10000000-0000-0000-0000-000000000602', '10000000-0000-0000-0000-000000000101', 'Kiểm tra thể lực trước giải', 'FITNESS_TEST', 'CLOSED', now() - interval '9 days', 'Chuẩn bị đăng ký giải hè.'),
  ('10000000-0000-0000-0000-000000000603', '10000000-0000-0000-0000-000000000102', 'Buổi tập kata nâng cao', 'TRAINING', 'OPEN', now() - interval '1 day', 'Ôn bài Unsu và Kanku Dai.'),
  ('10000000-0000-0000-0000-000000000604', '10000000-0000-0000-0000-000000000103', 'Điểm danh lớp thiếu niên', 'TRAINING', 'OPEN', now() - interval '3 days', 'Điểm danh thủ công.')
on conflict (id) do nothing;

insert into attendance_records (id, attendance_session_id, organization_member_id, athlete_id, status, check_in_at, note)
values
  ('10000000-0000-0000-0000-000000000701', '10000000-0000-0000-0000-000000000601', '10000000-0000-0000-0000-000000000301', '10000000-0000-0000-0000-000000000401', 'PRESENT', now() - interval '2 days' + interval '8 minutes', null),
  ('10000000-0000-0000-0000-000000000702', '10000000-0000-0000-0000-000000000601', '10000000-0000-0000-0000-000000000302', '10000000-0000-0000-0000-000000000402', 'LATE', now() - interval '2 days' + interval '19 minutes', 'Đến muộn do lịch học.'),
  ('10000000-0000-0000-0000-000000000703', '10000000-0000-0000-0000-000000000602', '10000000-0000-0000-0000-000000000301', '10000000-0000-0000-0000-000000000401', 'PRESENT', now() - interval '9 days' + interval '7 minutes', null),
  ('10000000-0000-0000-0000-000000000704', '10000000-0000-0000-0000-000000000602', '10000000-0000-0000-0000-000000000302', '10000000-0000-0000-0000-000000000402', 'ABSENT', null, 'Nghỉ không báo trước.'),
  ('10000000-0000-0000-0000-000000000705', '10000000-0000-0000-0000-000000000603', '10000000-0000-0000-0000-000000000304', '10000000-0000-0000-0000-000000000403', 'PRESENT', now() - interval '1 day' + interval '5 minutes', null),
  ('10000000-0000-0000-0000-000000000706', '10000000-0000-0000-0000-000000000603', '10000000-0000-0000-0000-000000000305', '10000000-0000-0000-0000-000000000404', 'EXCUSED', null, 'Xin nghỉ có phép.'),
  ('10000000-0000-0000-0000-000000000707', '10000000-0000-0000-0000-000000000604', '10000000-0000-0000-0000-000000000307', '10000000-0000-0000-0000-000000000405', 'PRESENT', now() - interval '3 days' + interval '6 minutes', null),
  ('10000000-0000-0000-0000-000000000708', '10000000-0000-0000-0000-000000000604', '10000000-0000-0000-0000-000000000309', '10000000-0000-0000-0000-000000000406', 'PRESENT', now() - interval '3 days' + interval '9 minutes', null)
on conflict (id) do nothing;

insert into tournaments (id, owner_organization_id, created_by_user_id, name, code, description, location, starts_on, ends_on, visibility, status, ruleset_version)
values (
  '10000000-0000-0000-0000-000000000801',
  '00000000-0000-0000-0000-000000000201',
  '00000000-0000-0000-0000-000000000001',
  'Karate Ops Demo Open 2026',
  'KARATE_OPS_DEMO_2026',
  'Giải demo để kiểm thử luồng CLB, đăng ký VĐV và dashboard.',
  'Hà Nội',
  current_date + 21,
  current_date + 22,
  'PUBLIC',
  'PUBLISHED',
  'WKF_2026'
)
on conflict (code) do nothing;

insert into tournament_participants (id, tournament_id, organization_id, display_name, status, approved_at)
values
  ('10000000-0000-0000-0000-000000000901', '10000000-0000-0000-0000-000000000801', '10000000-0000-0000-0000-000000000101', 'Sakura Karate Do Hà Nội', 'APPROVED', now() - interval '4 days'),
  ('10000000-0000-0000-0000-000000000902', '10000000-0000-0000-0000-000000000801', '10000000-0000-0000-0000-000000000102', 'Rồng Việt Dojo', 'APPROVED', now() - interval '4 days'),
  ('10000000-0000-0000-0000-000000000903', '10000000-0000-0000-0000-000000000801', '10000000-0000-0000-0000-000000000103', 'Sen Trắng Karate Club', 'APPROVED', now() - interval '4 days')
on conflict (tournament_id, organization_id) do nothing;

insert into categories (id, tournament_id, name, discipline, gender, age_min, age_max, weight_min_kg, weight_max_kg, entry_type, status, ruleset_version)
values
  ('10000000-0000-0000-0000-000000000a01', '10000000-0000-0000-0000-000000000801', 'Kumite nam 12-13 -45kg', 'KUMITE', 'MALE', 12, 13, 0, 45, 'INDIVIDUAL', 'DRAFT', 'WKF_2026'),
  ('10000000-0000-0000-0000-000000000a02', '10000000-0000-0000-0000-000000000801', 'Kata nữ 11-13', 'KATA', 'FEMALE', 11, 13, null, null, 'INDIVIDUAL', 'DRAFT', 'WKF_2026')
on conflict (id) do nothing;

insert into entries (id, category_id, tournament_participant_id, athlete_id, seed_no, status)
values
  ('10000000-0000-0000-0000-000000000b01', '10000000-0000-0000-0000-000000000a01', '10000000-0000-0000-0000-000000000901', '10000000-0000-0000-0000-000000000401', 1, 'REGISTERED'),
  ('10000000-0000-0000-0000-000000000b02', '10000000-0000-0000-0000-000000000a02', '10000000-0000-0000-0000-000000000901', '10000000-0000-0000-0000-000000000402', 2, 'REGISTERED'),
  ('10000000-0000-0000-0000-000000000b03', '10000000-0000-0000-0000-000000000a02', '10000000-0000-0000-0000-000000000902', '10000000-0000-0000-0000-000000000403', 3, 'REGISTERED'),
  ('10000000-0000-0000-0000-000000000b04', '10000000-0000-0000-0000-000000000a01', '10000000-0000-0000-0000-000000000903', '10000000-0000-0000-0000-000000000406', 4, 'REGISTERED')
on conflict (id) do nothing;
